contrast,estimate,SE,df,t.ratio,p.value,hemisphere
MT__STS - MT__temporal,0.09806201143971215,0.03705362478919389,197.95253930140396,2.6464890276621573,0.026362202013329977,left
MT__STS - STS__temporal,-0.19214683196635823,0.03177770904380134,202.54608316301753,-6.046591706831648,2.1053837419280464e-08,left
MT__temporal - STS__temporal,-0.2902088434060704,0.033006741036303695,182.86922003124295,-8.792411316429979,3.195226123071309e-15,left
MT__STS - MT__temporal,0.1635516663662754,0.037421634069609105,189.35848028059465,4.370511080891017,6.123156252651672e-05,right
MT__STS - STS__temporal,-0.1259797745905981,0.03184597849764296,194.64444182944283,-3.955908423411211,0.00032022376287469854,right
MT__temporal - STS__temporal,-0.2895314409568735,0.034038758054637845,171.58063861360978,-8.505934337913493,2.5740972580185118e-14,right
