contrast,estimate,SE,df,t.ratio,p.value,hemisphere
MT__STS - MT__temporal,0.20355533705830225,0.033777073472860304,199.1323721047468,6.026434978798796,2.3962402395040307e-08,both
MT__STS - STS__temporal,-0.11776312721517458,0.028925254657270437,203.93637642487883,-4.071290939717778,0.0002006064931813368,both
MT__temporal - STS__temporal,-0.3213184642734768,0.030210279810176776,183.128492478504,-10.636063826368003,2.107877208544854e-20,both
